name,CSF1PO,D3S1358,D5S818,D7S820,D8S1179,D13S317,D16S539,D18S51,D21S11,FGA,TH01,TPOX,vWA,AMEL,PEthD12,PentaD,PentaE,SE33,CD4,F13A01
John_Doe,12,15,11,10,13,11,12,14,28,22,8,8,17,X,11,10,14,26,8,6
Jane_Smith,10,16,12,11,14,12,13,15,30,24,9,9,18,X,12,11,15,28,9,7
Bob_Johnson,11,14,10,9,12,10,11,13,29,23,7,7,16,X,10,9,13,27,7,5
Alice_Brown,13,17,13,12,15,13,14,16,31,25,10,10,19,X,13,12,16,29,10,8
Charlie_Wilson,9,13,9,8,11,9,10,12,27,21,6,6,15,X,9,8,12,25,6,4
Diana_Prince,14,18,14,13,16,14,15,17,32,26,11,11,20,X,14,13,17,30,11,9
Ethan_Hunt,8,12,8,7,10,8,9,11,26,20,5,5,14,X,8,7,11,24,5,3
Fiona_Apple,15,19,15,14,17,15,16,18,33,27,12,12,21,X,15,14,18,31,12,10
George_West,7,11,7,6,9,7,8,10,25,19,4,4,13,X,7,6,10,23,4,2
Hannah_Montana,16,20,16,15,18,16,17,19,34,28,13,13,22,X,16,15,19,32,13,11
Unknown_1,12,15,11,10,13,11,12,14,28,22,8,8,17,X,11,10,14,26,8,6
Unknown_2,10,16,12,11,14,12,13,15,30,24,9,9,18,X,12,11,15,28,9,7